<?xml version="1.0"?>
<ZigBee>
	<Settings>
		<DefaultCmds>
			<MacroScript>
				<MacroName>Commissioning</MacroName>
				<MacroScript>
					<MacroName>Device types</MacroName>
					<MacroScript>
						<MacroName>Leader</MacroName>
						<MacroScript>
							<MacroName>Leader 1 (11)</MacroName>
							<MacroCmd>Default Delay 100</MacroCmd>
							<MacroCmd>THR_SetAttr.Request 0x00 0x04 0x00 0x01 0x10 </MacroCmd>
							<MacroCmd>THR_SetAttr.Request 0x00 0x39 0x00 0x08 0x146E0A0000000001 </MacroCmd>
							<MacroCmd>THR_SetAttr.Request 0x00 0x00 0x00 0x08 0x166E0A0000000001 </MacroCmd>
							<MacroCmd>THR_SetAttr.Request 0x00 0x05 0x00 0x02 0xFACE </MacroCmd>
							<MacroCmd>THR_SetAttr.Request 0x00 0x41 0x00 0x01 0x01 </MacroCmd>
							<MacroCmd>THR_SetAttr.Request 0x00 0x14 0x00 0x04 0xFFFFFFFF </MacroCmd>
							<MacroCmd>THR_SetAttr.Request 0x00 0x10 0x00 0x03 0x47524C </MacroCmd>
							<MacroCmd>THR_SetAttr.Request 0x00 0x06 0x00 0x08 0x000DB80000000000 </MacroCmd>
							<MacroCmd>THR_SetAttr.Request 0x00 0x00 0x00 0x08 0x0000000000000000 </MacroCmd>
							<MacroCmd>MAC_MacFilteringEnable.Request 0x00 0x00 </MacroCmd>
							<MacroCmd>MAC_MacFilteringAddEntry.Request 0x00 0x166E0A0000000002 0xFFFF 0xFF 0x00 </MacroCmd>
							<MacroCmd>THR_CreateNwk.Request 0x00 </MacroCmd>
						</MacroScript>
						<MacroScript>
							<MacroName>Leader 1 (26)</MacroName>
							<MacroCmd>	Default Delay 100</MacroCmd>
							<MacroCmd>THR_SetAttr.Request 0x00 0x04 0x00 0x01 0x1A </MacroCmd>
							<MacroCmd>THR_SetAttr.Request 0x00 0x39 0x00 0x08 0x146E0A0000000001 </MacroCmd>
							<MacroCmd>THR_SetAttr.Request 0x00 0x00 0x00 0x08 0x166E0A0000000001 </MacroCmd>
							<MacroCmd>THR_SetAttr.Request 0x00 0x05 0x00 0x02 0xEFAC </MacroCmd>
							<MacroCmd>THR_SetAttr.Request 0x00 0x41 0x00 0x01 0x01 </MacroCmd>
							<MacroCmd>THR_SetAttr.Request 0x00 0x14 0x00 0x04 0xFFFFFFFF </MacroCmd>
							<MacroCmd>THR_SetAttr.Request 0x00 0x10 0x00 0x09 0x546872656164312E31 </MacroCmd>
							<MacroCmd>THR_SetAttr.Request 0x00 0x06 0x00 0x08 0x000DB80000000000 </MacroCmd>
							<MacroCmd>MAC_MacFilteringEnable.Request 0x00 0x00 </MacroCmd>
							<MacroCmd>MAC_MacFilteringAddEntry.Request 0x00 0x166E0A0000000002 0xFFFF 0xFF 0x00 </MacroCmd>
							<MacroCmd>THR_CreateNwk.Request 0x00 </MacroCmd>
						</MacroScript>
						<MacroScript>
							<MacroName>Leader 3</MacroName>
							<MacroCmd>Default Delay 100</MacroCmd>
							<MacroCmd>THR_SetAttr.Request 0x00 0x04 0x00 0x01 0x15 </MacroCmd>
							<MacroCmd>THR_SetAttr.Request 0x00 0x39 0x00 0x08 0x146E0A0000000003 </MacroCmd>
							<MacroCmd>THR_SetAttr.Request 0x00 0x00 0x00 0x08 0x166E0A0000000003 </MacroCmd>
							<MacroCmd>THR_SetAttr.Request 0x00 0x05 0x00 0x02 0xFACE </MacroCmd>
							<MacroCmd>THR_SetAttr.Request 0x00 0x19 0x00 0x08 0x6B696E6574697332 </MacroCmd>
							<MacroCmd>MAC_MacFilteringEnable.Request 0x00 0x01 </MacroCmd>
							<MacroCmd>MAC_MacFilteringAddEntry.Request 0x00 0x166E0A0000000004 0xFFFF 0xFF 0x00 </MacroCmd>
							<MacroCmd>THR_CreateNwk.Request 0x00 </MacroCmd>
						</MacroScript>
					</MacroScript>
					<MacroScript>
						<MacroName>Router</MacroName>
						<MacroCmd>THR_FactoryReset.Request </MacroCmd>
						<MacroScript>
							<MacroName>Joiner Router 2 (11)</MacroName>
							<MacroCmd>Default Delay 100</MacroCmd>
							<MacroCmd>THR_SetAttr.Request 0x00 0x04 0x00 0x01 0x10 </MacroCmd>
							<MacroCmd>THR_SetAttr.Request 0x00 0x27 0x00 0x00 </MacroCmd>
							<MacroCmd>THR_SetAttr.Request 0x00 0x13 0x00 0x01 0x01 </MacroCmd>
							<MacroCmd>THR_SetAttr.Request 0x00 0x19 0x00 0x0F 0x7468726561646A70616B6574657374 </MacroCmd>
							<MacroCmd>THR_SetAttr.Request 0x00 0x39 0x00 0x08 0x146E0A0000000002 </MacroCmd>
							<MacroCmd>THR_SetAttr.Request 0x00 0x00 0x00 0x08 0x166E0A0000000002 </MacroCmd>
							<MacroCmd>THR_SetAttr.Request 0x00 0x06 0x00 0x08 0x000DB80000000000 </MacroCmd>
							<MacroCmd>MAC_MacFilteringEnable.Request 0x00 0x00 </MacroCmd>
							<MacroCmd>MAC_MacFilteringAddEntry.Request 0x00 0x166E0A0000000003 0xFFFF 0xFF 0x00 </MacroCmd>
							<MacroCmd>THR_Join.Request 0x00 0x00 </MacroCmd>
						</MacroScript>
						<MacroScript>
							<MacroName>Joiner Router (26)</MacroName>
							<MacroCmd>	Default Delay 100</MacroCmd>
							<MacroCmd>THR_SetAttr.Request 0x00 0x27 0x00 0x00 </MacroCmd>
							<MacroCmd>THR_SetAttr.Request 0x00 0x13 0x00 0x01 0x01 </MacroCmd>
							<MacroCmd>THR_SetAttr.Request 0x00 0x19 0x00 0x07 0x6B696E65746973 </MacroCmd>
							<MacroCmd>THR_SetAttr.Request 0x00 0x04 0x00 0x01 0x1A </MacroCmd>
							<MacroCmd>THR_SetAttr.Request 0x00 0x39 0x00 0x08 0x146E0A0000000002 </MacroCmd>
							<MacroCmd>THR_SetAttr.Request 0x00 0x00 0x00 0x08 0x166E0A0000000002 </MacroCmd>
							<MacroCmd>THR_SetAttr.Request 0x00 0x06 0x00 0x08 0x000DB80000000000 </MacroCmd>
							<MacroCmd>MAC_MacFilteringEnable.Request 0x00 0x00 </MacroCmd>
							<MacroCmd>MAC_MacFilteringAddEntry.Request 0x00 0x166E0A0000000001 0xFFFF 0xFF 0x00 </MacroCmd>
							<MacroCmd>THR_Join.Request 0x00 0x00 </MacroCmd>
						</MacroScript>
						<MacroScript>
							<MacroName>Joiner Router 3 (13)</MacroName>
							<MacroCmd>	Default Delay 100</MacroCmd>
							<MacroCmd>THR_SetAttr.Request 0x00 0x04 0x00 0x01 0x0D </MacroCmd>
							<MacroCmd>THR_SetAttr.Request 0x00 0x06 0x00 0x08 0x000DB80000000000 </MacroCmd>
							<MacroCmd>THR_SetAttr.Request 0x00 0x00 0x00 0x08 0x166E0A0000000003 </MacroCmd>
							<MacroCmd>THR_SetAttr.Request 0x00 0x39 0x00 0x08 0x146E0A0000000003 </MacroCmd>
							<MacroCmd>THR_SetAttr.Request 0x00 0x19 0x00 0x0F 0x7468726561646A70616B6574657374 </MacroCmd>
							<MacroCmd>THR_SetAttr.Request 0x00 0x13 0x00 0x01 0x00 </MacroCmd>
							<MacroCmd>THR_SetAttr.Request 0x00 0x27 0x00 0x00 </MacroCmd>
							<MacroCmd>MAC_MacFilteringEnable.Request 0x00 0x02 </MacroCmd>
							<MacroCmd>MAC_MacFilteringAddEntry.Request 0x00 0x166E0A0000000002 0xFFFF 0xFF 0x01 </MacroCmd>
							<MacroCmd>THR_Join.Request 0x00 0x00 </MacroCmd>
						</MacroScript>
						<MacroScript>
							<MacroName>Joiner Router 3</MacroName>
							<MacroCmd>Default Delay 100</MacroCmd>
							<MacroCmd>THR_SetAttr.Request 0x00 0x04 0x00 0x01 0x11 </MacroCmd>
							<MacroCmd>THR_SetAttr.Request 0x00 0x39 0x00 0x08 0x146E0A0000000003 </MacroCmd>
							<MacroCmd>THR_SetAttr.Request 0x00 0x00 0x00 0x08 0x166E0A0000000003 </MacroCmd>
							<MacroCmd>THR_SetAttr.Request 0x00 0x19 0x00 0x07 0x6B696E65746973 </MacroCmd>
							<MacroCmd>THR_SetAttr.Request 0x00 0x13 0x00 0x01 0x01 </MacroCmd>
							<MacroCmd>MAC_MacFilteringEnable.Request 0x00 0x01 </MacroCmd>
							<MacroCmd>MAC_MacFilteringAddEntry.Request 0x00 0x166E0A0000000001 0xFFFF 0xFF 0x00 </MacroCmd>
							<MacroCmd>THR_Join.Request 0x00 0x00 </MacroCmd>
						</MacroScript>
						<MacroScript>
							<MacroName>ED 4</MacroName>
							<MacroCmd>Default Delay 100</MacroCmd>
							<MacroCmd>THR_SetAttr.Request 0x00 0x04 0x00 0x01 0x11 </MacroCmd>
							<MacroCmd>THR_SetAttr.Request 0x00 0x39 0x00 0x08 0x146E0A0000000004 </MacroCmd>
							<MacroCmd>THR_SetAttr.Request 0x00 0x00 0x00 0x08 0x166E0A0000000004 </MacroCmd>
							<MacroCmd>THR_SetAttr.Request 0x00 0x19 0x00 0x07 0x6B696E65746973 </MacroCmd>
							<MacroCmd>THR_SetAttr.Request 0x00 0x13 0x00 0x01 0x01 </MacroCmd>
							<MacroCmd>THR_SetAttr.Request 0x00 0x0F 0x00 0x01 0x00 </MacroCmd>
							<MacroCmd>MAC_MacFilteringEnable.Request 0x00 0x01 </MacroCmd>
							<MacroCmd>MAC_MacFilteringAddEntry.Request 0x00 0x166E0A0000000002 0xFFFF 0xFF 0x00 </MacroCmd>
							<MacroCmd>THR_Join.Request 0x00 0x00 </MacroCmd>
						</MacroScript>
						<MacroScript>
							<MacroName>Joiner Router 5</MacroName>
							<MacroCmd>Default Delay 100</MacroCmd>
							<MacroCmd>THR_SetAttr.Request 0x00 0x04 0x00 0x01 0x0B </MacroCmd>
							<MacroCmd>THR_SetAttr.Request 0x00 0x39 0x00 0x08 0x146E0A0000000005 </MacroCmd>
							<MacroCmd>THR_SetAttr.Request 0x00 0x00 0x00 0x08 0x166E0A0000000005 </MacroCmd>
							<MacroCmd>THR_SetAttr.Request 0x00 0x19 0x00 0x07 0x6B696E65746973 </MacroCmd>
							<MacroCmd>THR_SetAttr.Request 0x00 0x13 0x00 0x01 0x00 </MacroCmd>
							<MacroCmd>MAC_MacFilteringEnable.Request 0x00 0x01 </MacroCmd>
							<MacroCmd>MAC_MacFilteringAddEntry.Request 0x00 0x146E0A0000000002 0xFFFF 0xFF 0x00 </MacroCmd>
							<MacroCmd>THR_Join.Request 0x00 0x00 </MacroCmd>
						</MacroScript>
						<MacroScript>
							<MacroName>Joiner Router 6</MacroName>
							<MacroCmd>Default Delay 100</MacroCmd>
							<MacroCmd>THR_SetAttr.Request 0x00 0x04 0x00 0x01 0x0B </MacroCmd>
							<MacroCmd>THR_SetAttr.Request 0x00 0x39 0x00 0x08 0x146E0A0000000006 </MacroCmd>
							<MacroCmd>THR_SetAttr.Request 0x00 0x00 0x00 0x08 0x166E0A0000000006 </MacroCmd>
							<MacroCmd>THR_SetAttr.Request 0x00 0x19 0x00 0x07 0x6B696E65746973 </MacroCmd>
							<MacroCmd>THR_SetAttr.Request 0x00 0x13 0x00 0x01 0x00 </MacroCmd>
							<MacroCmd>MAC_MacFilteringEnable.Request 0x00 0x01 </MacroCmd>
							<MacroCmd>THR_Join.Request 0x00 0x00 </MacroCmd>
						</MacroScript>
					</MacroScript>
					<MacroScript>
						<MacroName>ED 4</MacroName>
						<MacroCmd>	Default Delay 100</MacroCmd>
						<MacroCmd>THR_SetAttr.Request 0x00 0x04 0x00 0x01 0x11 </MacroCmd>
						<MacroCmd>THR_SetAttr.Request 0x00 0x27 0x00 0x00 </MacroCmd>
						<MacroCmd>THR_SetAttr.Request 0x00 0x13 0x00 0x01 0x01 </MacroCmd>
						<MacroCmd>THR_SetAttr.Request 0x00 0x19 0x00 0x0F 0x7468726561646A70616B6574657374 </MacroCmd>
						<MacroCmd>THR_SetAttr.Request 0x00 0x39 0x00 0x08 0x146E0A0000000004 </MacroCmd>
						<MacroCmd>THR_SetAttr.Request 0x00 0x00 0x00 0x08 0x166E0A0000000004 </MacroCmd>
						<MacroCmd>THR_SetAttr.Request 0x00 0x06 0x00 0x08 0x000DB80000000000 </MacroCmd>
						<MacroCmd>THR_SetAttr.Request 0x00 0x0F 0x00 0x01 0x00 </MacroCmd>
						<MacroCmd>MAC_MacFilteringEnable.Request 0x00 0x01 </MacroCmd>
						<MacroCmd>MAC_MacFilteringAddEntry.Request 0x00 0x166E0A0000000002 0xFFFF 0xFF 0x00 </MacroCmd>
						<MacroCmd>THR_Join.Request 0x00 0x00 </MacroCmd>
					</MacroScript>
					<MacroScript>
						<MacroName>Native Commissioner</MacroName>
						<MacroCmd>Default Delay 100</MacroCmd>
						<MacroCmd>THR_SetAttr.Request 0x00 0x04 0x00 0x01 0x0B </MacroCmd>
						<MacroCmd>THR_SetAttr.Request 0x00 0x00 0x00 0x08 0x166E0A000000000C </MacroCmd>
						<MacroCmd>THR_SetAttr.Request 0x00 0x39 0x00 0x08 0x146E0A000000000C </MacroCmd>
						<MacroCmd>MESHCOP_SetCommissionerCredential.Request 0x00 0x07 0x6B696E65746973 0x1122334455667788 0x09 0x546872656164312E31 </MacroCmd>
						<MacroCmd>MESHCOP_StartNativeCommissioner.Request 0x00 </MacroCmd>
					</MacroScript>
					<MacroScript>
						<MacroName>SED</MacroName>
						<MacroCmd>		Default Delay 100</MacroCmd>
						<MacroCmd>THR_SetAttr.Request 0x00 0x04 0x00 0x01 0x11 </MacroCmd>
						<MacroCmd>THR_SetAttr.Request 0x00 0x27 0x00 0x00 </MacroCmd>
						<MacroCmd>THR_SetAttr.Request 0x00 0x13 0x00 0x01 0x01 </MacroCmd>
						<MacroCmd>THR_SetAttr.Request 0x00 0x19 0x00 0x0F 0x7468726561646A70616B6574657374 </MacroCmd>
						<MacroCmd>THR_SetAttr.Request 0x00 0x39 0x00 0x08 0x146E0A0000000005 </MacroCmd>
						<MacroCmd>THR_SetAttr.Request 0x00 0x00 0x00 0x08 0x166E0A0000000005 </MacroCmd>
						<MacroCmd>THR_SetAttr.Request 0x00 0x06 0x00 0x08 0x000DB80000000000 </MacroCmd>
						<MacroCmd>THR_SetAttr.Request 0x00 0x0F 0x00 0x01 0x04 </MacroCmd>
						<MacroCmd>MAC_MacFilteringEnable.Request 0x00 0x01 </MacroCmd>
						<MacroCmd>MAC_MacFilteringAddEntry.Request 0x00 0x166E0A0000000002 0xFFFF 0xFF 0x00 </MacroCmd>
						<MacroCmd>THR_Join.Request 0x00 0x00 </MacroCmd>
					</MacroScript>
				</MacroScript>
				<MacroScript>
					<MacroName>Utilities</MacroName>
					<MacroScript>
						<MacroName>Commissioner utilities</MacroName>
						<MacroCmd>MESHCOP_StartCommissioner.Request 0x00 </MacroCmd>
						<MacroCmd>MESHCOP_StopCommissioner.Request 0x00 </MacroCmd>
						<MacroScript>
							<MacroName>Scan Joiners</MacroName>
							<MacroCmd>Default Delay 100</MacroCmd>
							<MacroCmd>MESHCOP_AddExpectedJoiner.Request 0x00 0x01 0x01 0x146E0A0000000002 0x07 0x6B696E65746973 </MacroCmd>
							<MacroCmd>MESHCOP_AddExpectedJoiner.Request 0x00 0x01 0x01 0x146E0A0000000003 0x07 0x6B696E65746973 </MacroCmd>
							<MacroCmd>MESHCOP_AddExpectedJoiner.Request 0x00 0x01 0x01 0x146E0A0000000004 0x07 0x6B696E65746973 </MacroCmd>
							<MacroCmd>MESHCOP_AddExpectedJoiner.Request 0x00 0x01 0x01 0xFFFFFFFFFFFFFFFF 0x0F 0x7468726561646A70616B6574657374 </MacroCmd>
							<MacroCmd>MESHCOP_SyncSteeringData.Request 0x00 0x01 </MacroCmd>
						</MacroScript>
					</MacroScript>
					<MacroScript>
						<MacroName>Other utilities</MacroName>
						<MacroCmd>THR_SetAttr.Request 0x00 0x0F 0x00 0x01 0x00 </MacroCmd>
						<MacroCmd>THR_GetAttr.Request 0x00 0x0D 0x00 </MacroCmd>
						<MacroCmd>THR_NwkScan.Request 0x00 0x00000800 0x03 0x02 0x000A </MacroCmd>
						<MacroCmd>THR_BrPrefixAddEntry.Request 0x00 0x40 0xFD010000000000000000000000000000 0x00 0x00 0x00000000 0x00 0x00 0x00000000 0x00 </MacroCmd>
						<MacroCmd>THR_BrPrefixAddEntry.Request 0x00 0x40 0x20030000000000000000000000000000 0x00 0x30 0xFFFFFFFF 0x00 0x00 0xFFFFFFFF 0x01 </MacroCmd>
						<MacroCmd>THR_BrPrefixSync.Request 0x00 </MacroCmd>
						<MacroCmd>NWKU_IfconfigAll.Request </MacroCmd>
						<MacroCmd>NWKU_Ping.Request 0xFF030000000000000000000000000001 0x00000000000000000000000000000000 0x0020 0x07D0 0x01 </MacroCmd>
						<MacroCmd>MAC_MacFilteringEnable.Request 0x00 0x00 </MacroCmd>
						<MacroCmd>THR_FactoryReset.Request </MacroCmd>
						<MacroCmd>THR_NwkScan.Request 0x00 0x07FFF800 0x01 0x02 0x000A </MacroCmd>
					</MacroScript>
				</MacroScript>
				<MacroScript>
					<MacroName>spec 1.1</MacroName>
					<MacroScript>
						<MacroName>certification tests</MacroName>
						<MacroScript>
							<MacroName>2.1</MacroName>
							<MacroCmd>Default Delay 1000</MacroCmd>
							<MacroCmd>MESHCOP_MgmtCommissionerSet.Request 0x00 0x01 0x0000 0x00 0x00 0x01 0x01 0xFF 0x00 0x00 0x00 0x00 0x00 0x00 0x00 0x00 0x00 0x00 0x00 0x00 0x00 </MacroCmd>
							<MacroCmd>MESHCOP_MgmtCommissionerSet.Request 0x00 0x01 0x0000 0x01 0x0001 0x00 0x01 0x01 0xFF 0x00 0x00 0x00 0x00 0x00 0x00 0x00 0x00 0x00 0x00 0x00 0x00 0x00 </MacroCmd>
							<MacroCmd>MESHCOP_MgmtCommissionerSet.Request 0x00 0x01 0x0001 0x01 0x0001 0x00 0x01 0x01 0xFF 0x00 0x00 0x00 0x00 0x00 0x00 0x00 0x00 0x00 0x00 0x00 0x00 0x00 </MacroCmd>
							<MacroCmd>MESHCOP_MgmtCommissionerSet.Request 0x00 0x00 0x00 0x00 0x01 0x01 0xFF 0x00 0x00 0x00 0x00 0x00 0x00 0x00 0x00 0x00 0x00 0x00 0x00 0x00 </MacroCmd>
							<MacroCmd>MESHCOP_MgmtCommissionerSet.Request 0x00 0x01 0x0000 0x00 0x00 0x01 0x01 0xFF 0x00 0x01 0x0A 0x00 0x00 0x00 0x00 0x00 0x00 0x00 0x00 0x00 0x00 0x00 </MacroCmd>
						</MacroScript>
						<MacroScript>
							<MacroName>2.3</MacroName>
							<MacroCmd>Default Delay 1000</MacroCmd>
							<MacroCmd>MESHCOP_MgmtActiveGet.Request 0x00 0x00000000000000000000000000000000 0x03 0x00 0x07 0x03 </MacroCmd>
							<MacroCmd>MESHCOP_MgmtActiveGet.Request 0x00 0x00000000000000000000000000000000 0x00 </MacroCmd>
							<MacroCmd>MESHCOP_MgmtActiveGet.Request 0x00 0x00000000000000000000000000000000 0x04 0x00 0x07 0x03 0x09 </MacroCmd>
						</MacroScript>
						<MacroScript>
							<MacroName>2.4</MacroName>
							<MacroCmd>Default Delay 1000</MacroCmd>
							<MacroCmd>MESHCOP_MgmtActiveSet.Request 0x00 0x01 0xF5EF 0x00 0x00 0x00 0x00 0x00 0x01 0x00 0x04 0x00200800 0x00 0x00 0x00 0x01 0x05 0x7061737377 0x00 0x01 0x10 0x31323334353637383132333435363738 0x01 0x04D2 0x00 0x01 0x000000000003 0x0000 0x00 0x00 </MacroCmd>
							<MacroCmd>MESHCOP_MgmtActiveSet.Request 0x00 0x01 0xF5EF 0x00 0x00 0x00 0x00 0x01 0xD2 0x01 0x00 0x04 0x00200800 0x00 0x00 0x00 0x01 0x05 0x7061737377 0x00 0x01 0x10 0x31323334353637383132333435363738 0x01 0x04D2 0x00 0x01 0x000000000005 0x0000 0x00 0x00 </MacroCmd>
							<MacroCmd>MESHCOP_MgmtActiveSet.Request 0x00 0x01 0xF5EF 0x00 0x00 0x00 0x00 0x00 0x01 0x00 0x04 0x00200800 0x00 0x01 0x00123456789123456789012345678900 0x08 0x00 0x01 0x06 0x717765727479 0x00 0x01 0x10 0x31323334353637383837363534333231 0x01 0x04D2 0x00 0x01 0x000000000007 0x0000 0x00 0x00 </MacroCmd>
							<MacroCmd>MESHCOP_MgmtActiveSet.Request 0x00 0x01 0xF5EF 0x00 0x00 0x00 0x00 0x00 0x01 0x00 0x04 0x00200800 0x00 0x00 0x01 0x12345678901234567890123456789012 0x01 0x04 0x71776565 0x00 0x01 0x10 0x31323132333435363738383736363534 0x01 0x04D2 0x00 0x01 0x00000000000A 0x0000 0x00 0x00 </MacroCmd>
							<MacroCmd>MESHCOP_MgmtActiveSet.Request 0x00 0x01 0x0F5E 0x00 0x00 0x00 0x00 0x01 0xD2 0x01 0x00 0x04 0x00200800 0x01 0x0000000000200800 0x01 0x00012334355454540000000000000000 0x0D 0x01 0x00121212121212121212121212122221 0x01 0x04 0x71776565 0x01 0xFACD 0x01 0x10 0x31323234323334323334323334333234 0x01 0x0D80 0x00 0x01 0x00000000001D 0x0000 0x00 0x00 </MacroCmd>
							<MacroCmd>MESHCOP_MgmtActiveSet.Request 0x00 0x01 0xF5EF 0x00 0x00 0x00 0x00 0x01 0xD2 0x01 0x00 0x04 0x00200800 0x01 0x0000000000200800 0x01 0x00012334355454540000000000000000 0x0D 0x01 0x00121212121212121212121212122221 0x01 0x04 0x71776565 0x01 0xFACD 0x01 0x10 0x31323234323334323334323334333234 0x01 0x0D80 0x00 0x01 0x00000000001D 0x0000 0x00 0x00 </MacroCmd>
							<MacroCmd>MESHCOP_MgmtActiveSet.Request 0x00 0x01 0xF5EF 0x01 0x0001 0x00 0x00 0x00 0x00 0x01 0x00 0x04 0x00200800 0x00 0x00 0x00 0x01 0x07 0x71776565363738 0x00 0x01 0x10 0x3132756A757579747472727266727479 0x01 0x1A62 0x00 0x01 0x000000000026 0x0000 0x00 0x00 </MacroCmd>
						</MacroScript>
						<MacroScript>
							<MacroName>2.5</MacroName>
							<MacroCmd>Default Delay 1000</MacroCmd>
							<MacroCmd>MESHCOP_MgmtActiveSet.Request 0x00 0x00 0x00 0x00 0x00 0x00 0x01 0x0B 0x01 0x00 0x04 0x00000800 0x01 0x000DB80000000000 0x01 0xFD000DB8000000000000000000000000 0x00 0x01 0x00112233445566778899AABBCCDDEEFF 0x01 0x03 0x41726D 0x01 0xFACE 0x01 0x10 0x31323334353637383132333435363738 0x01 0x04D2 0x00 0x01 0x00000000000A 0x0000 0x00 0x00 </MacroCmd>
							<MacroCmd>MESHCOP_MgmtActiveSet.Request 0x00 0x00 0x00 0x00 0x00 0x00 0x01 0x01 0x01 0x00 0x04 0x00000800 0x01 0x000DB80000000000 0x01 0xFD000DB8000000000000000000000000 0x00 0x01 0x00112233445566778899AABBCCDDEEFF 0x01 0x03 0x41726D 0x01 0xFACE 0x01 0x10 0x31323334353637383132333435363738 0x01 0x04D2 0x00 0x01 0x000000000011 0x0000 0x00 0x00 </MacroCmd>
						</MacroScript>
						<MacroScript>
							<MacroName>2.6</MacroName>
							<MacroCmd>MESHCOP_MgmtCommissionerSet.Request 0x00 0x01 0x1218 0x00 0x00 0x01 0x01 0xFF 0x00 0x00 0x00 0x00 0x00 0x00 0x00 0x00 0x00 0x00 0x00 0x00 </MacroCmd>
							<MacroCmd>MESHCOP_MgmtActiveSet.Request 0x00 0x01 0x1218 0x00 0x00 0x00 0x00 0x00 0x00 0x00 0x00 0x00 0x01 0x0006 0x01 0x00 0x00 0x00 0x01 0x00000000000A 0x0000 0x00 </MacroCmd>
							<MacroCmd>MESHCOP_MgmtPendingSet.Request 0x00 0x01 0x1218 0x00 0x00 0x00 0x00 0x01 0x14 0x00 0x00 0x00 0x00 0x00 0x00 0x00 0x00 0x01 0x00000000004B 0x0000 0x01 0x00000000001E 0x0000 0x01 0x0000EA60 </MacroCmd>
						</MacroScript>
					</MacroScript>
					<MacroCmd>MESHCOP_MgmtCommissionerGet.Request 0x00 0x00000000000000000000000000000000 0x02 0x09 0x03 </MacroCmd>
					<MacroCmd>MESHCOP_MgmtCommissionerSet.Request 0x00 0x00 0x00 0x00 0x01 0x01 0xFF 0x00 0x00 0x00 0x00 0x00 0x00 0x00 0x00 0x00 0x00 0x00 0x00 0x01 </MacroCmd>
					<MacroCmd>MESHCOP_MgmtActiveGet.Request 0x00 0x00000000000000000000000000000000 0x03 0x04 0x05 0x07 </MacroCmd>
					<MacroCmd>MESHCOP_MgmtActiveSet.Request 0x00 0x00 0x00 0x00 0x00 0x00 0x01 0x00 0x04 0x07FFF800 0x00 0x00 0x00 0x01 0x06 0x546872656164 0x00 0x00 0x00 0x01 0x00000000000F 0x0000 0x00 0x00 0x00 </MacroCmd>
					<MacroCmd>MESHCOP_MgmtPendingGet.Request 0x00 0x00000000000000000000000000000000 0x01 0x00 </MacroCmd>
					<MacroCmd>MESHCOP_MgmtPendingSet.Request 0x00 0x00 0x00 0x00 0x00 0x00 0x00 0x00 0x00 0x00 0x00 0x01 0xAFCE 0x00 0x00 0x01 0x000000000014 0x0000 0x01 0x000000000046 0x0000 0x01 0x00001388 0x01 </MacroCmd>
					<MacroCmd>MESHCOP_MgmtSendEdScan.Request 0x00 0x07FFF800 0x01 0x0002 0x0000 0xFE80000000000000146E0A0000000001 </MacroCmd>
					<MacroCmd>MESHCOP_MgmtSendPanIdQuery.Request 0x00 0x07FFF800 0xFACE 0xFE80000000000000146E0A0000000001 </MacroCmd>
					<MacroCmd>MESHCOP_MgmtSendAnnounceBegin.Request 0x00 0x0000 0x07FFF800 0x00 0x0000 0xFE80000000000000146E0A0000000001 </MacroCmd>
				</MacroScript>
			</MacroScript>
		</DefaultCmds>
	</Settings>
</ZigBee>
